query_id,query,result
FQ001,site:youtube.com/watch Julian Alps Trail Run,generic web search produced low precision compared with native YouTube/yt-dlp search
FQ002,site:vimeo.com Julian Alps Trail Run / UTMB Julian Alps,Vimeo native search blocked by Cloudflare; no usable candidates surfaced
FQ003,site:facebook.com/watch Julian Alps Trail Run,login-heavy/blocked public access
FQ004,site:instagram.com/reel julianalpstrailrun,login/JS-limited and not exhaustively enumerable
FQ005,Sportograf Julian Alps Trail Run / site:sportograf.com 11675,only official Sportograf event link surfaced; open gallery not available
FQ006,site:flickr.com Julian Alps Trail Run / JAT 120,no race-specific Flickr album found
FQ007,Sedlo Suha Stol Dovje / Suho sedlo Dovska Baba,superseded by LR020 Hribi.net Sedlo Suha/Golica source found in adversarial pass; keep this row as first-pass miss record
FQ008,Mapillary Kranjska Gora Gozd Martuljek / Radovljica Bled Zirovnica,Mapillary web required login; no usable indexed image pages found
FQ009,Komoot Julian Alps Trail Run 120K route,No usable public route/gallery result surfaced in targeted web search
FQ010,Wikiloc Julian Alps Trail Run 120 km,No usable public route/gallery result surfaced in targeted web search
FQ011,Outdooractive Julian Alps Trail Run 120K,No usable public route/gallery result surfaced in targeted web search
FQ012,Strava Julian Alps Trail Run 120K public activity,No usable public route/gallery result surfaced in targeted web search
FQ013,yt-dlp direct frame extraction for YV026/YV027/YV029,"YouTube returned HTTP 429 and sign-in bot challenge from this environment; keep thumbnails/source links, but frame extraction requires cookies/browser or another access path"
FQ014,"KartaView/Panoramax extra probes for Dovje, Mojstrana, Moste, and Dovje-Gozd cycleway","KartaView Dovje, Mojstrana, and mid-cycleway probes returned zero photos; Panoramax Moste and mid-cycleway probes returned zero features; successful probes retained as SL009 and PX004"
FQ015,yt-dlp direct format/frame access for YV027/YV037/YV063 with and without Node JS runtime,"YouTube still returned HTTP 429 and sign-in bot challenge; harvested public YouTube thumbnail/autostill URLs instead, but real frame extraction requires browser cookies or a different access path"
FQ016,Ohm late-course visual source exhaustion pass,"Duplicate-checked late-course photo/street-level candidates; retained LR035-LR044 and SL010. KartaView probes at Dovje west, Mojstrana west, Belca east, and Hotel Spik returned zero; Panoramax bboxes for Dovje-west, Mojstrana-west, Belca-east, Belca-west, and pre-Spik returned zero; Mapillary, Instagram, Facebook, and Sportograf remained gated or login/JS-limited."
FQ017,"Continuation multilingual web/image sweep for JAT 2025/2024 VLOGs, Polish/German reports, official 120K imagery, and local route videos","Retained new non-duplicate sources PG017-PG022, LR045-LR056, and YV087-YV109. Remaining search hits were duplicates of existing official/Sportograf/Kingrunner/Spirito/Mountain-race sources, unrelated Triglav Trail Run holidays, LiveTrail UI imagery without harvestable course photos, or gated social/search surfaces."
FQ018,Continuation public media/page sweep for JAT 2025/2024 and official overlap race pages,"Retained PG023-PG033, LR057-LR072, CM014, PX005-PX008, and SL011 after URL duplicate checks and direct-image/API probes. Skipped or logged lower-priority/gated candidates including Wikiloc public pages returning HTTP 403, LiveTrail/UTMB Live JS shells, generic N1/travel pages, and official drop-bags logistics imagery."
FQ019,"Hubble adversarial video sweep for JAT 120, JAT120, multilingual, typo and abbreviation variants","Retained YV110-YV126 as nonduplicate YouTube leads. Search exhaustion is still not proven because YouTube frame extraction remains blocked by HTTP 429/sign-in challenge, Vimeo is Cloudflare-blocked, and Facebook/Instagram/Sportograf remain login or JS limited."
FQ020,Direct true-frame/storyboard extraction probe for YV110 and current YouTube leads,"YV110 watch URL returned HTTP 429 CAPTCHA/unusual-traffic page; ffmpeg direct input returned HTTP 429; Innertube WEB/TVHTML5 clients returned LOGIN_REQUIRED bot/sign-in responses; embedded-player client returned EMBEDDER_IDENTITY_DENIED; raw i.ytimg storyboard URL patterns returned HTTP 403. oEmbed and public thumbnail endpoints remain accessible, so high-resolution public thumbnails are retained while true frame extraction still requires cookies/browser or another access path."
FQ021,"Continuation adversarial video/photo discovery pass for short-course, local-route, official schedule, UTMB Live, Commons, and street-level probes","Retained YV127-YV150, PG031-PG033, LR067-LR072, CM014, PX007-PX008, and SL011 after duplicate checks. UTMB Live pages were mostly JS shells or logo/profile OG images, the media page returned 404, and Instagram/Facebook/Sportograf/Mapillary/Vimeo remain gated or login/JS-limited."
FQ022,Current image-search/adversarial continuation for official pages and article sources,"Retained PG034-PG042 after duplicate checks: Medium 2025 120K, official homepage/results/elite pages, RunAndTravel 2024, Laufen.de 2023, Slovak Ultra Trail 2023, Koralm 2022, and MojaObcina Vransko. Low-value timing/map and already-covered image-search hits were left out or kept on watchlist."
FQ023,Fresh video-frame extraction and official-image search continuation,"Representative current 120K YouTube watch-page metadata returned HTTP 429, unsigned i.ytimg storyboard/contact-sheet URLs returned HTTP 403, and yt-dlp is not installed in this environment. Public thumbnail/autostill endpoints remain harvestable. Retained PG043-PG045 from image search/open-page probes; LiveTrail 2025 shell exposed only app/phone assets and was not retained as a visual source."
FQ024,Kierkegaard adversarial video-source audit,"Retained YV151-YV164 after duplicate checks: one direct 120K miss, official JATrail/channel leads, 60K/Sky overlap/training lead, and local-route videos for Radovljica/Bled, Talez, Babji zob, Dovska Baba, Golica-Hrusica-Dovska Baba, and the Gozd Martuljek/Kranjska Gora/Mojstrana corridor. The audit still rejects any claim of video exhaustion because true frame extraction remains blocked and social/Vimeo/TikTok surfaces are not fully enumerable."
FQ025,Helmholtz non-YouTube/social/open-image adversarial audit,"Retained new harvestable/open candidates PG046-PG047, LR073-LR074, and PX009. UTMB Live 2025/live.utmb.world and the official UTMB Live page exposed JS shells or logo-only HTML to the command-line harvester. Wikiloc and Bergfex were browser-visible but command-line blocked or rate-limited. Instagram/Facebook/TikTok/Sportograf/Mapillary/Strava/Komoot remain gated, login/JS-limited, or not exhaustively enumerable; source exhaustion is therefore not defensible."
FQ026,Hegel adversarial page audit plus yt-dlp flat-search continuation,"Retained PG048-PG056 and YV165-YV172 after exact URL duplicate checks: independent German/Austrian/media runner-report pages, two official live-page watchlist URLs, Juliana Trail late-corridor videos, Babji zob/Talez local videos, and Dovska Baba local/MTB videos. yt-dlp flat search was useful for discovery but direct YouTube extraction still hit bot/sign-in barriers; ambiguous Lily Lu merge_* shorts and a Bohinjska Bela 4K walk with oEmbed 401 were not retained. Live UTMB/LiveTrail 2025 sources are cataloged but image harvesting is disabled because command-line HTML exposes only logo/flag/app-shell assets."
FQ027,Targeted weak-section YouTube flat-search continuation,"Retained YV173-YV180 after exact YouTube ID duplicate checks from targeted searches for Dovje-Gozd Martuljek, Srednji Vrh/Trupejevo poldne, Hruski vrh/Klek, Golica, Stol, and older Kranjska Gora Trail Run. Rejected generic restaurant/tourism/ferrata/offroad/Triglav results, duplicate Juliana/JAT sources, and one Dovska Baba/Kepa hit whose public oEmbed returned HTTP 401. Direct frame extraction remains blocked; retained rows are thumbnail/autostill source context pending frame audit."
FQ028,Epicurus adversarial social and non-YouTube visual-source audit,"Retained DV001-DV002, FB001-FB005, TK001, and LR075 after duplicate/source accounting: official UTMB World Series Dailymotion mirrors with public oEmbed thumbnails, official/public Facebook reels and page links, the official TikTok profile, and a ClimbTriglav Babji zob route page. Facebook/TikTok/ClimbTriglav remain browser-only or verification-limited; Dailymotion thumbnails are harvestable but still broad source context, not section-localized frames."
FQ029,"Lorentz source-exhaustion audit for open pages, official short-course pages, live shells, and browser-only surfaces","Retained PG057-PG063 after duplicate/source accounting: a distinct Slovak Ultra Trail 2025 preview, official 25K/15K/10K race pages, the official start-cities page, a representative UTMB Live runner-detail watchlist page, and a Run247 guide retained as source-only because of command-line 403 and inconsistent route text. Exhaustion remains bounded rather than absolute because Facebook/Instagram/TikTok/Sportograf, true video-frame extraction, browser-only live pages, and runner-detail enumeration are still not exhaustively harvestable from this environment."
FQ030,Dailymotion public player metadata frame/contact-sheet probe,"Dailymotion player metadata exposes downloadable filmstrip/contact-sheet and first-frame JPEGs for DV001-DV002, so those video-derived assets are harvested in addition to oEmbed thumbnails. The public HLS manifest URLs still return HTTP 403 from this environment even with player cookies/tokens, so full timestamp frame extraction remains unresolved; YouTube yt-dlp and true-frame extraction are still unavailable or blocked."
FQ031,Confucius late-course open imagery adversarial audit,"Retained LR076-LR081, CM015, and SL012 after duplicate checks: Hribi/V naravi/Snezak/MTB-ITD sources improve Klek, Hruski vrh, Rozca, Dovska Baba and Sedlo Suha ridge context, Commons Rozca adds an open-license ridge anchor, and a KartaView Belca-middle API point adds a new public street-level frame between Mojstrana and Gozd Martuljek. Rejected additional YouTube/race video, venue marketing, duplicate Golica scenic, social/gated, and empty Panoramax/KartaView probes."
FQ032,Poincare video extraction and social direct-clip audit,"Retained DV003 and TK002-TK004 after duplicate checks. Added reproducible video-derived frame/contact-sheet extraction paths for Dailymotion HLS via player metadata app=com.dailymotion.neon, Facebook direct reel URLs via yt-dlp signed MP4 URLs, and TikTok direct clips via yt-dlp download-section piping to ffmpeg. YouTube true-frame extraction remains blocked by HTTP 429/bot sign-in; Vimeo remains Cloudflare-blocked; Facebook and TikTok broad profile/page enumeration remains unresolved."
FQ033,Main continuation TikTok/Dailymotion profile enumeration audit,"Official TikTok profile enumeration succeeded for 80 public clips; retained 77 newly enumerated nonduplicate clip URLs as TK005-TK081 with broad/localized caveats and frame/contact-sheet harvesting. Dailymotion UTMB channel enumeration succeeded for 283 videos; retained one new Julian Alps mirror DV004 for 2022 and rejected generic UTMB/non-Julian Alps videos. Facebook reels page enumeration still failed as unsupported in yt-dlp, so direct Facebook page exhaustion remains unresolved."
FQ034,Main multilingual YouTube/vlog search continuation,"Ran 25 fresh YouTube flat-search queries across English, Polish, German, Slovene/Croatian/Serbian, Japanese, distance variants, and route anchors. Search returned 707 rows; after exact YouTube-ID duplicate checks against retained sources, retained YV181-YV199 as nonduplicate Julian Alps/JAT/local-anchor visual candidates. Rejected unrelated global UTMB/Alps results, podcasts/interviews with little course imagery, generic travel videos outside the route, and duplicate known race videos. Individual YouTube metadata/frame extraction is still blocked by HTTP 429, so retained rows use flat-search title/channel evidence plus thumbnail/autostill harvesting pending frame audit."
FQ035,Hypatia adversarial non-YouTube photo/social page audit,"Retained FB006-FB009, PG064-PG070, and LR082-LR084 after exact URL duplicate checks. High-value additions include two direct 2024 120K Polish race reports with many inline photos (RunAndFly and Szakale Balut), XC-Run 2023 overlap gallery, Bieganie.pl 2025 media imagery, Radolca current event listing, Elevation/Steady report imagery, Locationscout Gozd Martuljek photo spots, PZS Valvasorjev dom photos, a Wikiloc Golica route link-only candidate, and four public Facebook reels. Rejected SEO/training pages, payment-required or 404 pages, unrelated Triglav holiday imagery, map-only pages, and blocked Dailymotion/Flickr/Vimeo searches."
FQ036,Main gallery/Sportograf/image-search duplicate audit,"Ran fresh web and image searches for Julian Alps Trail Run by UTMB Sportograf photos, 2025/2024 photo galleries, Polish relacja zdjecia variants, German Bilder variants, and broad race-gallery terms. No stable new Sportograf gallery or nonduplicate open photo page surfaced; visible image-search hits resolved to already-cataloged official UTMB/LiveTrail, Kingrunner, SpiritoTrail, JAT Adventures, results, and runner-report sources. Keep Sportograf, Instagram, and Facebook broad surfaces marked unresolved because public search does not prove exhaustive enumeration."
FQ037,Follow-on YouTube flat-search for 2025/DNF/2K25 variants,"Ran compatible yt-dlp flat-search queries for 120K/80K/50K, English/Polish/German/Slovene variants, and tighter Julian Alps 2K25/DNF phrasing after ytsearchdate was unsupported. Retained YV200 as one nonduplicate Julian Alps by UTMB 2025 DNF visual candidate. Rejected global UTMB/other-race hits plus podcast, training, and interview results with little course imagery value, including Izzivalci Podcast, Laufend Entdecken Podcast, official injury/strength videos, and an Ole Brom pre-race interview. Individual YouTube metadata/frame extraction still hit HTTP 429 or bot sign-in challenges; oEmbed thumbnails remain accessible."
FQ038,Official page/image-search follow-up for race-guide and registration surfaces,"Ran fresh image/web duplicate checks after external image search surfaced official race-guide and registration imagery. Retained PG071-PG072 because the official race-guide and registration pages were absent from the v3 visual-source catalog and expose public current-event images. Rejected Vert.run's Julian Alps page because it resolves to a 404, and treated Mountain-race.rs, TrailrunningSpain, Kingrunner, Slovak Ultra Trail, LiveTrail/UTMB Live, JAT Adventures, and official race pages as already-cataloged or browser-shell duplicates. The race-guide page states the detailed 2026 guide will be published in early September 2026, so it remains a watchlist/current-event image source rather than route-proof."
FQ039,Targeted weak-pocket exact-route and platform-gallery search,"Ran targeted searches for the two adversarially identified weak exact-route pockets: Dovje-Gozd Martuljek and Radovljica-Talez. Retained LR085, the dedicated KRAJI Slovenian photo-gallery URL for the Mojstrana-Kranjska Gora cycling corridor, because it was absent from the source log and exposes captioned Gozd Martuljek, Belca, Sava Dolinka, old railway/cycleway, and Mojstrana photographs. Rejected or treated as already cataloged: KRAJI base article LR018, Kranjska Gora D-2 page LR035, Druzinski Talez LR057, Bergfex Talez LR074, V naravi Talez LR067, and Gorenjski glas/Talez hut-only imagery as low incremental value. Platform-specific SmugMug, Zenfolio, Pixieset, Google Photos, and Relive searches returned no stable public Julian Alps Trail Run gallery results."
FQ040,Follow-up weak-pocket image-search pass for Talez and Gozd Martuljek,"Ran fresh image/web searches plus Bernoulli adversarial source-gap checks for Lovska koca Talez, Bodeski most/Talez, Radovljica-Talez, Dovje-Gozd Martuljek, Radovljica Panoramax, Commons Gozd Martuljek, and Gozd Martuljek final-corridor visual sources. Retained LR086 MojaObcina Vrhnika Talez hike report because it exposes 12 labeled public gallery images and route-relevant text about a macadam forest-road approach to Talez; retained LR087 Metropolitan.si Gozd Martuljek article as a nonduplicate public final-corridor image source; retained LR088 Outdoor Mojstrana because its old-railway/cycleway route text explicitly covers Dovje, Sava Dolinka bridges, and the paved cycling path toward Kranjska Gora; retained CM016 as a direct open-license Gozd Martuljek file; and retained PX010 as a distinct public Radovljica/start street-level pocket. Treated Druzinski izleti Talez LR057, V naravi Talez LR067, Bergfex Talez LR074, KRAJI LR018/LR085, Kranjska Gora D-2 LR035, existing Commons/Panoramax/KartaView late-corridor sources, and existing social/video rows as already cataloged; rejected Delcampe/Talez postcard, hut-only/promotional hits, empty late-corridor Panoramax/KartaView probes, and no-result Flickr/SmugMug/Zenfolio/Pixieset/Relive/Vimeo/Dailymotion searches as low route-surface value or unresolved."
FQ041,Continuation validation of remaining Talez and Gozd Martuljek visual candidates,"Validated three remaining weak-pocket candidates after LR086-LR088/CM016/PX010. Retained LR089 Radolca winter-hikes Talez section because it exposes two public Talez/Razgled images and names paths from Lancovo, Bodesce and Ribno to Lovska koca na Talezu; retained LR090 Slovenie Secrete Gozd Martuljek cascade article because it exposes a substantial Gozd Martuljek/Martuljek-cascade image set near Hotel Triangel and the final corridor; retained LR091 Hribi.net Lovska koca na Talezu 360 panorama. Initial static image-attribute probing missed the JS panorama variable; FQ042 records the adversarial correction that made LR091 harvestable."
FQ042,Godel adversarial visual-source audit follow-up,"Read-only adversarial source search confirmed LR089/LR090 value, corrected LR091 as harvestable via /panorama/LKTalez.jpg, and added LR092 Hribi.net Stol panorama via /panorama/stol.jpg. It also identified watchlist candidates carried into FQ043: Bergfex.si Gozd Martuljek user-photo route, Naprostem Stol from Zavrsnica article, Iglu Sport Golica article, and a Czech YouTube lead 7I-MihLy1Vc. The audit explicitly does not prove full exhaustion because YouTube throttling, social platforms, and paid gallery previews remain plausible source gaps."
FQ043,Godel candidate integration and blocked-source validation,Integrated the remaining Godel candidates with access status preserved. Retained YV201 Czech YouTube lead because oEmbed and seven public thumbnail/autostill endpoints are harvestable; retained LR093 Naprostem Stol from Zavrsnica because public HTML exposes downloadable route images; retained LR094 Iglu Sport Golica as source-only and LR095 Bergfex.si Gozd Martuljek as a then-source-only watchlist row because browser-visible images existed but command-line fetches returned HTTP 403 and HTTP 429 respectively. Direct local harvest was therefore limited to YV201 and LR093 in this pass; LR095 is later superseded by FQ046/FQ064 recoveries.
FQ044,Euler video audit and Gozd Martuljek image-search continuation,"Integrated Euler's adversarial video-source audit and a fresh final-corridor still-photo continuation. Retained YV202-YV219 after exact URL duplicate checks and oEmbed/thumbnail validation; these include new runner vlogs, shorter-course overlap clips, official Radovljica-start shorts, Mount Stol/Karawanks shorts, and finish/broad official clips. Retained LR096-LR099 after exact URL duplicate checks and direct image validation for Putni Kofer, Druzinski izleti, Izbircnica, and KRAJI Jerman Waterfalls. Rejected two fresh yt-dlp nonduplicates outside course context as weak training/non-route leads, and preserved unresolved blockers for YouTube true-frame extraction plus Vimeo/Facebook/TikTok/browser-gated enumeration."
FQ045,Chandrasekhar adversarial still-photo audit integration,"Integrated twelve additional harvestable still-photo route pages as LR100-LR111 after renumbering around the existing LR096-LR099 Martuljek/Jerman additions. Retained Kam za vikend pages for Lovska koca na Talezu, Tolsti vrh/Talez, Babji zob, Stol, Golica, Dovska Baba, Klek, Hruski vrh, and Trupejevo poldne; retained V naravi Golica and Dovska Baba; retained a lower-confidence Srbija za mlade Golica travel page with strict image filtering. Rejected the proposed Julian-Alps Martuljska skupina URL because current command-line validation returned HTTP 404, and logged already-cataloged/rejected surfaces from the still-photo audit. Still-photo exhaustion remains unproven because Sportograf, social broad enumeration, Mapillary, Vimeo, Wikiloc/Bergfex, Komoot/Strava/AllTrails-style galleries, and browser-gated surfaces remain unresolved."
FQ046,"Carver blocker audit, YouTube mirror probes, and LR095 Bergfex recovery","Adversarial blocker audit re-tested representative YouTube watch/storyboard/oEmbed paths and confirmed watch/player access still returns HTTP 429 bot/CAPTCHA pages while storyboard guesses return HTTP 403 and oEmbed remains thumbnail-only. Additional yt-dlp 2026.06.09 probes against retained YouTube leads ZJieB4Uefn8, C66yusE4tTc, and fyKh8tT7AqA using standard extraction, Node JS runtime, Android, web_embedded, and client variants still returned HTTP 429, sign-in bot challenges, unsupported-client results, or no usable formats. Public Invidious-style and Piped-style stream APIs across yewtu.be, inv.nadeko.net, vid.puffyan.us, invidious.nerdvpn.de, invidious.snopyta.org, inv.tux.pizza, pipedapi.kavin.rocks, pipedapi.adminforge.de, pipedapi-libre.kavin.rocks, api-piped.mha.fi, pipedapi.syncpundit.io, and pipedapi.in.projectsegfau.lt failed with 401/403/404/502/522/526, DNS failures, timeouts, or non-JSON placeholders. Vimeo search remained 403; Mapillary and Google Street View need tokens/API keys; Sportograf exposes a WAF/app shell; Instagram/Facebook/TikTok profile HTML exposed no enumerable public media IDs; Wikiloc and AllTrails returned 403; Komoot/Strava searches yielded no usable public gallery. One access improvement was found at the time: LR095 Bergfex.si Gozd Martuljek exposed direct image https://vcdn.bergfex.at/images/resized/profiles/detail/b57/0051fa74439ff9ce5676f7ef052acb57.jpg, verified as a nonduplicate harvestable JPEG, while the page itself later rate-limited at 429. Result at that pass: one new final-corridor local image was integrated; FQ064 later expands LR095 to twelve cached route-page user photos, but absolute visual exhaustion remains unproven beyond bounded public command-line access."
FQ047,UTMB Live Next.js/API probe and JAT120K finish livecam recovery,"Probed live.utmb.world/julianalps/2025 plus hr/en/fr localized shells: all returned 200 HTML with only logo/favicon image refs, but the 19 Next.js chunks exposed https://utmblive-api.utmb.world, X-Tenant julianalps_2025, /event-context, /races/{raceId}, /races/{raceId}/static, /races/{raceId}/progressive, /races/{raceId}/map, /livetrail runner categories/withdraws, /runners/{bib}/photos, and /runners/{bib}/livecam. /event-context and /races/JAT120K returned duplicate official Cloudinary event/banner images already cataloged; race static/map/message/progressive/categories/withdraws exposed route data, null messages, counts, or profile/headshot data rather than new course imagery; sampled /runners/{bib}/photos responses were empty. A bounded scan of bibs 1000-1700 through /runners/{bib}/livecam found 506 unique official videos.livetrail.net/videos/julianalps2025/pt100*.jpg point-100 finish-camera stills for JAT120K 2025, now integrated as PG073. Maxwell's independent shell/API audit agreed the visible shells and runner-photo APIs exposed only duplicate banners/profile images, but did not recover the livecam endpoint; the remaining caveat is that public command-line access only proves this finish-camera point and does not exhaust authorized browser-only runner/detail media."
FQ048,LR022 KRAJI Hidroelektrarna Moste timeout-source recovery,Re-tested the source-only KRAJI Hidroelektrarna Moste page. A long public fetch eventually returned 72 KB of HTML with KRAJI PICTURES paths in the hidroelektrarna_moste folder; direct JPEG validation confirmed the images are publicly downloadable. Integrated a strict direct fallback of seven _big.jpg images covering the Moste road/dam/Sava Dolinka reservoir context around km 57-58.2. Other KRAJI source-only rows LR023/LR028/LR029/LR031 still timed out in this pass and remain unresolved unless their direct gallery image lists are recovered.
FQ049,KRAJI late-corridor timeout-source recovery,"Recovered strict direct KRAJI gallery URL lists from slow public HTML and an independent read-only LR029 probe for LR023 Mojstrana-Sava Dolinka, LR028 Dovje, LR029 Mojstrana, and LR031 Gozd Martuljek. Direct JPEG validation confirmed representative LR023 bridge/river, LR028 Dovje-Mojstrana path, LR029 Mojstrana center/crossroads, and LR031 Gozd Martuljek road images; unvalidated panorama-derived P_*_big variants timed out and are excluded. Integrated deterministic fallbacks for 11 LR023, 30 LR028, 25 new LR029, and 20 LR031 high-resolution images, with one exact LR029 Sava Dolinka duplicate retained only under LR023."
FQ050,Commons category open-license recovery after API/rate-limit audit,"Recovered deterministic file-level fallback lists for zero-row Commons categories CM005 Stol, CM007 Golica Lodge, CM009 Gozd-Martuljek, CM011 Kranjska Gora, CM012 Dovje, CM013 Mojstrana, and CM014 Zirovnica. The category API remained rate-limit/noise-prone from this environment, so the builder now prefers curated file URLs and falls back from imageinfo API metadata to Special:FilePath image delivery while preserving category caveats and source attribution."
FQ051,Medium proxy recovery for older Stol/60K visual source,Recovered PG009 through the same r.jina.ai Medium mirror strategy already used for PG034 after direct Medium access remained forbidden/limited. The mirror exposes two non-avatar miro.medium.com article images from the older skyrunning/JAT story scoped to the 60K/Stol overlap; retained as older-overlap runner-report imagery pending per-frame localization.
FQ052,Kranjska-Gora and Vnaravi zero-row page image recovery,"Recovered previously zero-row LR013-LR017, LR040, and LR042 by using r.jina.ai page mirrors to expose direct image paths. Kranjska-Gora direct image URLs return a command-line challenge shell, so the atlas uses images.weserv.nl as a public image proxy for local research copies while preserving the original Kranjska-Gora page as source attribution; V naravi Hruski vrh images are directly downloadable and filtered to article images only."
FQ053,Bergfex Talez direct user-photo recovery,"Recovered LR074 from a direct Bergfex profile/detail image URL identified by the adversarial source-gap audit. Wikiloc CDN candidates from the same audit still returned HTTP 403 directly and HTTP 404 through the public image proxy, so they remain blocked/watchlist rather than locally inspectable evidence."
FQ054,PG073 finish livecam full-download cap expansion,"Removed the generic page-image download cap for PG073 so the builder attempts every cached UTMB Live point-100 finish-camera still rather than leaving later rows remote-only solely because of the 200-image source cap. Remaining PG073 remote-only rows now represent actual download failures such as 404s, not intentional cap truncation."
FQ055,PG037 Laufen.de root-relative image recovery,Adversarial source-gap review found that Laufen.de article gallery links written as files/laufen.de/... were being resolved under /index.php/d/files/... and returning 404. The builder now normalizes PG037 gallery image URLs to https://www.laufen.de/files/... so the still-public full-resolution article images are locally mirrorable while preserving the original article URL as source attribution.
FQ056,Known false remote-only page-image cleanup,"Removed a literal YouTube /vi/ID/ placeholder from PG064 and non-JulianAlps global UTMB Cloudinary event tiles from PG071/PG072 race-guide and registration shell harvests. These rows were extraction noise, not additional JAT course imagery, so filtering them improves the unresolved-gap audit without reducing route evidence."
FQ057,PG073 dead pt100c livecam variant dedupe,"Direct probes showed the remaining PG073 remote-only rows were 404 pt100c_* finish-camera variants, each paired with a retained downloadable pt100_* row at the same timestamp. The builder now filters that known-dead pt100c subset so the atlas counts inspectable finish-camera evidence rather than dead duplicate API URLs."
FQ058,LR041 Wix image proxy recovery,"Direct LR041 Julius Kugy stage image URLs on static.wixstatic.com returned HTTP 403 even with article referer headers, while images.weserv.nl proxy delivery returned the same media successfully. The builder now normalizes LR041 Wix image URLs through the public image proxy while preserving the Julius Kugy article as source attribution, eliminating the last known remote-only visual cluster."
FQ059,Adversarial Reddit/forum/PZS/activity-platform gap search,"A read-only adversarial audit found no retained Reddit/forum entries and no Garmin/Suunto/Coros/Polar activity-platform source candidates in the v3 source log, with only one retained PZS-related source (LR084). Follow-up web searches for site:reddit.com Julian Alps Trail Run 120, site:reddit.com JAT 120 Julian Alps, broader Julian Alps by UTMB reddit/forum terms, and PZS/arhiv.pzs Golica-Dovska-Baba-Stol image terms returned no stable nonduplicate public imagery from this environment. These classes are now explicitly logged as low-yield or unresolved rather than silently omitted; absolute exhaustion would still require browser/account/API review where those platforms expose media behind search or login boundaries."
FQ060,Official YouTube channel flat-inventory reconciliation,"A bounded yt-dlp flat-playlist crawl of the official Julian Alps Trail Run by UTMB YouTube channel succeeded and returned 37 public uploads. Duplicate checks against the v3 source log showed most race/event uploads already cataloged; retained three missing route/event-relevant official uploads as YV220-YV222 (Ibex documentary trailer and two older 2021 event clips). Rejected strength-training, injury-prevention, interview, Alpe Adria, Alps2Sea, and Soriska planina channel entries as weak or non-course imagery for this 120K atlas. Direct per-video metadata/frame extraction for the final-section course preview still returned the YouTube bot/sign-in challenge, so true frame extraction remains unresolved."
FQ061,Late Karawanks and final-section image-search continuation,"Ran targeted image/web searches for Dovska Baba, Hruski vrh, Klek, Rozca, Trupejevo poldne, Babji zob, and Lovska koca Talez variants. Duplicate checks showed Odkrivaj Svet, Siol, MojaObcina Mislinja, Gorenjski glas, Skoberne, Slotrips, and multiple Babji zob/Talez hits were already retained. Added LR112 Veseli Izleti Dovska Baba/Hruski vrh and LR113 Slovenske Novice Dovska Baba as nonduplicate harvestable late-Karawanks sources. AllTrails Hruski vrh remained HTTP 403/link-only from command-line validation and is not retained as harvested evidence."
FQ062,Dewey adversarial late-Karawanks source-gap integration,"Read-only adversarial audit confirmed LR112 and LR113 are useful nonduplicate additions and identified three still-missing public same-area sources. Integrated LR114 Exploring Slovenia Dovska Baba spring-flower article, LR115 Skrite Poti Dovska Rozca MTB/gallery page, and CM017 Commons Dovska Baba Mlinca. Confirmed Siol LR052, Naprostem LR039, Slotrips LR043, Gorenjski glas LR064, Medves LR053, CM015 Rozca, Spirito/Kingrunner/Mountain-race/UTMB Live/JAT Adventures are already cataloged. AllTrails Hruski vrh remains HTTP 403/DataDome; Bergwelten winter Dovska Baba, Triglav Trail Run holidays, and Red Bull broad Julian Alps imagery were treated as low-value overlap."
FQ063,UTMB Live non-finish public API probe,"Deepened the public UTMB Live API probe after PG073 by querying /event-context, /races/JAT120K, /races/JAT120K/static, /races/JAT120K/map, /races/JAT120K/progressive, /races/JAT120K/categories, /races/JAT120K/withdraws, and sampled /runners/{bib}/photos plus /runners/{bib}/livecam for bibs 1000-1700. The public endpoints exposed duplicate official logos/banners, the track JSON/profile/map/progress data, empty runner-photo responses, and no sampled non-point-100 livecam images; no new non-finish public image URLs were found. This strengthens the bounded UTMB public-API exhaustion claim but does not prove authorized browser-only media or private runner-detail surfaces are exhausted."
FQ064,Blocked local/user-gallery recovery pass,"Re-tested source-only local/gallery candidates LR035, LR036, LR073, LR075, LR083, LR094, and LR095. LR073 and LR083 direct Wikiloc page/CDN access still returned 403, but r.jina route-page mirrors exposed route-photo CDN URLs that validate through the public image proxy; integrated five Kupljenik-Babji zob photos and ten Planina pod Golico-Betel-Golica photos with route-localization caveats. LR075 ClimbTriglav Babji zob now exposes public WordPress route images directly; integrated five article photos while filtering logos, icons, and related-tour thumbnails. LR095 cached Bergfex HTML exposed twelve route-page user-photo profile/detail JPEGs, all validated and integrated. LR035 Kranjska-Gora D-2 still exposes text but no simple image URLs, LR036 Wikiloc was still CAPTCHA/403-limited in that pass, and LR094 Iglu Sport remains CAPTCHA/403-limited; broader local/activity-platform gallery exhaustion therefore remains bounded rather than absolute."
FQ065,Source-only visual recovery pass for PG016 and LR036,"Re-probed the remaining source-only public/local candidates PG016, PG068, PG063, LR035, LR036, LR044, and LR094 using direct HTML, r.jina mirrors, and public image-proxy validation. Integrated one PG016 Kranjska Gora JAT event hero image exposed by the r.jina mirror and four LR036 Wikiloc Kranjska Gora-Mojstrana route photos exposed by the double r.jina mirror and validated through images.weserv.nl. LR035 and PG068 still exposed text/challenge pages but no stable image URLs, LR044 was mostly map/profile/static-map chrome rather than photographic route evidence, PG063 exposed a browser-visible Run247 article image through the mirror but direct/proxy image delivery remained 403/404, and LR094 remained challenge-gated with no stable image URL from this environment."
FQ066,PG003 official media-shell image recovery audit,"Re-probed the official media page PG003 after adversarial review. Direct public HTML and r.jina mirrors expose a noisy UTMB page shell with global event-menu imagery, logos, partners, blurred placeholders, and three full-size /julianalps/Media/ Cloudinary file paths. A later semantic filename audit identified those files as 100_Miles_by_UTMB / 100_milja_istre shell media rather than JAT course imagery, so the builder now filters them and keeps PG003 as source-only while preserving the external press-room/media-kit flow as terms/approval-gated and not harvested."
FQ067,Official YouTube RSS reconciliation continuation,"Fetched the public official YouTube RSS feed on 2026-06-20 and compared its 15 exposed entries against the v3 source list including existing Shorts URLs. Confirmed existing coverage for xhHECBFBx7k, RbN_sJdx450, wpv2b3npBQg, NC-AS2Y2F80, Y6K1BjpKALQ, oL1pFZATRyM, XY571v888rk, 3YgI1Q3dUEA, tf80xeQQA0g, and fyKh8tT7AqA. Added the remaining official race-context upload Jo-gt-4iQtI as YV223 with a strict interview/low-surface-value caveat. Rejected xQZhLp0VmzU, PLeZNl38yTI, Yy6NOpmnj7s, and 8fC1BFFtSj4 as training/injury-prevention advice videos rather than race/course imagery."
FQ068,Official YouTube Shorts reconciliation and PG003 false-positive cleanup,"Validated four additional official YouTube Shorts via public oEmbed and thumbnail endpoints: 7Pm7U0C0TwM, 1q6TadpWYFU, TVGOkF-iCyg, and c8Ymm_36FJU. Retained them as YV224-YV227 for official-channel completeness, with finish/winner/aid-station caveats and no meter-level route-surface claims. The same adversarial pass confirmed PG003's previously recovered /julianalps/Media/ shell images are semantically global/Istria UTMB filenames, so those rows are filtered out rather than treated as Julian Alps evidence."
FQ069,Official weak YouTube residual ID rejection,"Validated three additional official YouTube residual IDs via public oEmbed on 2026-06-20: LQ3FW-zcDW0 is Alps2Sea - Trailrunning Adventures, BbvwXeKAPNg is JATrail I Soriška planina, and cPrUJOCcYzo is Alpe Adria Trail Cup. These are official-channel uploads but not JAT 120K course/race imagery at the evidence standard used for this atlas, so they are explicitly logged as rejected rather than retained as visual records. Training and injury-prevention uploads remain rejected for the same non-course reason."
